{
    "info": "grid size is 16x16, 16 sensors at 1 levels.",
    "sensors": {
        "0": [0,0],
        "1": [0,5.333333333333333],
        "2": [0,10.666666666666666],
        "3": [0,16],
        "4": [5.333333333333333,0],
        "5": [5.333333333333333,5.333333333333333],
        "6": [5.333333333333333,10.666666666666666],
        "7": [5.333333333333333,16],
        "8": [10.666666666666666,0],
        "9": [10.666666666666666,5.333333333333333],
        "10": [10.666666666666666,10.666666666666666],
        "11": [10.666666666666666,16],
        "12": [16,0],
        "13": [16,5.333333333333333],
        "14": [16,10.666666666666666],
        "15": [16,16]
    },
    "levels": {
        "level-0": {
            "set-0": {
                "sensors": [0,1,2,3,4,5,6,7,8,9,10,11,12,13,14,15],
                "area": [[0,0],[16,16]],
                "block_cell_ratio": 1
            }
        }
    }
}