{
    "info": "grid size is 4x4, 16 sensors at 1 levels.",
    "sensors": {
        "0": [0,0],
        "1": [0,1.3333333333333333],
        "2": [0,2.6666666666666665],
        "3": [0,4],
        "4": [1.3333333333333333,0],
        "5": [1.3333333333333333,1.3333333333333333],
        "6": [1.3333333333333333,2.6666666666666665],
        "7": [1.3333333333333333,4],
        "8": [2.6666666666666665,0],
        "9": [2.6666666666666665,1.3333333333333333],
        "10": [2.6666666666666665,2.6666666666666665],
        "11": [2.6666666666666665,4],
        "12": [4,0],
        "13": [4,1.3333333333333333],
        "14": [4,2.6666666666666665],
        "15": [4,4]
    },
    "levels": {
        "level-0": {
            "set-0": {
                "sensors": [0,1,2,3,4,5,6,7,8,9,10,11,12,13,14,15],
                "area": [[0,0],[4,4]],
                "block_cell_ratio": 1
            }
        }
    }
}