{
    "info": "grid size is 4x4, 16 sensors at 1 levels.",
    "sensors": {
        "0": [0,0],
        "1": [0,0.6666666666666666],
        "2": [0,1.3333333333333333],
        "3": [0,2],
        "4": [0.6666666666666666,0],
        "5": [0.6666666666666666,0.6666666666666666],
        "6": [0.6666666666666666,1.3333333333333333],
        "7": [0.6666666666666666,2],
        "8": [1.3333333333333333,0],
        "9": [1.3333333333333333,0.6666666666666666],
        "10": [1.3333333333333333,1.3333333333333333],
        "11": [1.3333333333333333,2],
        "12": [2,0],
        "13": [2,0.6666666666666666],
        "14": [2,1.3333333333333333],
        "15": [2,2]
    },
    "levels": {
        "level-0": {
            "set-0": {
                "sensors": [0,1,2,3,4,5,6,7,8,9,10,11,12,13,14,15],
                "area": [[0,0],[2,2]],
                "block_cell_ratio": 1
            }
        }
    }
}