{
    "info": "grid size is 10x10, 16 sensors at 1 levels.",
    "sensors": {
        "0": [0,0],
        "1": [0,3.3333333333333335],
        "2": [0,6.666666666666667],
        "3": [0,10],
        "4": [3.3333333333333335,0],
        "5": [3.3333333333333335,3.3333333333333335],
        "6": [3.3333333333333335,6.666666666666667],
        "7": [3.3333333333333335,10],
        "8": [6.666666666666667,0],
        "9": [6.666666666666667,3.3333333333333335],
        "10": [6.666666666666667,6.666666666666667],
        "11": [6.666666666666667,10],
        "12": [10,0],
        "13": [10,3.3333333333333335],
        "14": [10,6.666666666666667],
        "15": [10,10]
    },
    "levels": {
        "level-0": {
            "set-0": {
                "sensors": [0,1,2,3,4,5,6,7,8,9,10,11,12,13,14,15],
                "area": [[0,0],[10,10]],
                "block_cell_ratio": 1
            }
        }
    }
}