{
    "info": "grid size is 8x8, 16 sensors at 1 levels.",
    "sensors": {
        "0": [0,0],
        "1": [0,2.6666666666666665],
        "2": [0,5.333333333333333],
        "3": [0,8],
        "4": [2.6666666666666665,0],
        "5": [2.6666666666666665,2.6666666666666665],
        "6": [2.6666666666666665,5.333333333333333],
        "7": [2.6666666666666665,8],
        "8": [5.333333333333333,0],
        "9": [5.333333333333333,2.6666666666666665],
        "10": [5.333333333333333,5.333333333333333],
        "11": [5.333333333333333,8],
        "12": [8,0],
        "13": [8,2.6666666666666665],
        "14": [8,5.333333333333333],
        "15": [8,8]
    },
    "levels": {
        "level-0": {
            "set-0": {
                "sensors": [0,1,2,3,4,5,6,7,8,9,10,11,12,13,14,15],
                "area": [[0,0],[8,8]],
                "block_cell_ratio": 1
            }
        }
    }
}