{
    "info": "grid size is 14x14, 16 sensors at 1 levels.",
    "sensors": {
        "0": [0,0],
        "1": [0,4.666666666666667],
        "2": [0,9.333333333333334],
        "3": [0,14],
        "4": [4.666666666666667,0],
        "5": [4.666666666666667,4.666666666666667],
        "6": [4.666666666666667,9.333333333333334],
        "7": [4.666666666666667,14],
        "8": [9.333333333333334,0],
        "9": [9.333333333333334,4.666666666666667],
        "10": [9.333333333333334,9.333333333333334],
        "11": [9.333333333333334,14],
        "12": [14,0],
        "13": [14,4.666666666666667],
        "14": [14,9.333333333333334],
        "15": [14,14]
    },
    "levels": {
        "level-0": {
            "set-0": {
                "sensors": [0,1,2,3,4,5,6,7,8,9,10,11,12,13,14,15],
                "area": [[0,0],[14,14]],
                "block_cell_ratio": 1
            }
        }
    }
}