{
    "info": "grid size is 16x16, xx sensors, 2 levels",
    "sensors": {
        "0": [0,0],
        "1": [0,5.333333333333333],
        "2": [0,10.666666666666666],
        "3": [0,16],
        "4": [5.333333333333333,0],
        "5": [5.333333333333333,5.333333333333333],
        "6": [5.333333333333333,10.666666666666666],
        "7": [5.333333333333333,16],
        "8": [10.666666666666666,0],
        "9": [10.666666666666666,5.333333333333333],
        "10": [10.666666666666666,10.666666666666666],
        "11": [10.666666666666666,16],
        "12": [16,0],
        "13": [16,5.333333333333333],
        "14": [16,10.666666666666666],
        "15": [16,16],
        "16": [0,4],
        "17": [4,0],
        "18": [4,4],
        "19": [0,8],
        "20": [4,8],
        "21": [0,12],
        "22": [4,12],
        "23": [4,16],
        "24": [8,0],
        "25": [8,4],
        "26": [8,8],
        "27": [8,12],
        "28": [8,16],
        "29": [12,0],
        "30": [12,4],
        "31": [12,8],
        "32": [12,12],
        "33": [12,16],
        "34": [16,4],
        "35": [16,8],
        "36": [16,12]
    },
    "levels": {
        "level-0": {
            "set-0": {
                "sensors": [0,1,2,3,4,5,6,7,8,9,10,11,12,13,14,15],
                "area": [[0,0],[16,16]],
                "block_cell_ratio": 4
            }
        },
        "level-1": {
            "set-0": {
                "sensors": [0,16,17,18],
                "area": [[0,0],[4,4]],
                "block_cell_ratio": 1
            },
            "set-1": {
                "sensors": [16,19,18,20],
                "area": [[0,4],[4,8]],
                "block_cell_ratio": 1
            },
            "set-2": {
                "sensors": [19,21,20,22],
                "area": [[0,8],[4,12]],
                "block_cell_ratio": 1
            },
            "set-3": {
                "sensors": [21,3,22,23],
                "area": [[0,12],[4,16]],
                "block_cell_ratio": 1
            },
            "set-4": {
                "sensors": [17,18,24,25],
                "area": [[4,0],[8,4]],
                "block_cell_ratio": 1
            },
            "set-5": {
                "sensors": [18,20,25,26],
                "area": [[4,4],[8,8]],
                "block_cell_ratio": 1
            },
            "set-6": {
                "sensors": [20,22,26,27],
                "area": [[4,8],[8,12]],
                "block_cell_ratio": 1
            },
            "set-7": {
                "sensors": [22,23,27,28],
                "area": [[4,12],[8,16]],
                "block_cell_ratio": 1
            },
            "set-8": {
                "sensors": [24,25,29,30],
                "area": [[8,0],[12,4]],
                "block_cell_ratio": 1
            },
            "set-9": {
                "sensors": [25,26,30,31],
                "area": [[8,4],[12,8]],
                "block_cell_ratio": 1
            },
            "set-10": {
                "sensors": [26,27,31,32],
                "area": [[8,8],[12,12]],
                "block_cell_ratio": 1
            },
            "set-11": {
                "sensors": [27,28,32,33],
                "area": [[8,12],[12,16]],
                "block_cell_ratio": 1
            },
            "set-12": {
                "sensors": [29,30,12,34],
                "area": [[12,0],[16,4]],
                "block_cell_ratio": 1
            },
            "set-13": {
                "sensors": [30,31,34,35],
                "area": [[12,4],[16,8]],
                "block_cell_ratio": 1
            },
            "set-14": {
                "sensors": [31,32,35,36],
                "area": [[12,8],[16,12]],
                "block_cell_ratio": 1
            },
            "set-15": {
                "sensors": [32,33,36,15],
                "area": [[12,12],[16,16]],
                "block_cell_ratio": 1
            }
        }
    }
}