{
    "info": "grid size is 16x16, xx sensors, 2 levels",
    "sensors": {
        "0": [0,0],
        "1": [0,5.333333333333333],
        "2": [0,10.666666666666666],
        "3": [0,16],
        "4": [5.333333333333333,0],
        "5": [5.333333333333333,5.333333333333333],
        "6": [5.333333333333333,10.666666666666666],
        "7": [5.333333333333333,16],
        "8": [10.666666666666666,0],
        "9": [10.666666666666666,5.333333333333333],
        "10": [10.666666666666666,10.666666666666666],
        "11": [10.666666666666666,16],
        "12": [16,0],
        "13": [16,5.333333333333333],
        "14": [16,10.666666666666666],
        "15": [16,16],
        "16": [0,2],
        "17": [2,0],
        "18": [2,4],
        "19": [4,2],
        "20": [0,6],
        "21": [2,8],
        "22": [4,6],
        "23": [0,10],
        "24": [2,12],
        "25": [4,10],
        "26": [0,14],
        "27": [2,16],
        "28": [4,14],
        "29": [6,0],
        "30": [6,4],
        "31": [8,2],
        "32": [6,8],
        "33": [8,6],
        "34": [6,12],
        "35": [8,10],
        "36": [6,16],
        "37": [8,14],
        "38": [10,0],
        "39": [10,4],
        "40": [12,2],
        "41": [10,8],
        "42": [12,6],
        "43": [10,12],
        "44": [12,10],
        "45": [10,16],
        "46": [12,14],
        "47": [14,0],
        "48": [14,4],
        "49": [16,2],
        "50": [14,8],
        "51": [16,6],
        "52": [14,12],
        "53": [16,10],
        "54": [14,16],
        "55": [16,14]
    },
    "levels": {
        "level-0": {
            "set-0": {
                "sensors": [0,1,2,3,4,5,6,7,8,9,10,11,12,13,14,15],
                "area": [[0,0],[16,16]],
                "block_cell_ratio": 4
            }
        },
        "level-1": {
            "set-0": {
                "sensors": [16,17,18,19],
                "area": [[0,0],[4,4]],
                "block_cell_ratio": 1
            },
            "set-1": {
                "sensors": [20,18,21,22],
                "area": [[0,4],[4,8]],
                "block_cell_ratio": 1
            },
            "set-2": {
                "sensors": [23,21,24,25],
                "area": [[0,8],[4,12]],
                "block_cell_ratio": 1
            },
            "set-3": {
                "sensors": [26,24,27,28],
                "area": [[0,12],[4,16]],
                "block_cell_ratio": 1
            },
            "set-4": {
                "sensors": [19,29,30,31],
                "area": [[4,0],[8,4]],
                "block_cell_ratio": 1
            },
            "set-5": {
                "sensors": [22,30,32,33],
                "area": [[4,4],[8,8]],
                "block_cell_ratio": 1
            },
            "set-6": {
                "sensors": [25,32,34,35],
                "area": [[4,8],[8,12]],
                "block_cell_ratio": 1
            },
            "set-7": {
                "sensors": [28,34,36,37],
                "area": [[4,12],[8,16]],
                "block_cell_ratio": 1
            },
            "set-8": {
                "sensors": [31,38,39,40],
                "area": [[8,0],[12,4]],
                "block_cell_ratio": 1
            },
            "set-9": {
                "sensors": [33,39,41,42],
                "area": [[8,4],[12,8]],
                "block_cell_ratio": 1
            },
            "set-10": {
                "sensors": [35,41,43,44],
                "area": [[8,8],[12,12]],
                "block_cell_ratio": 1
            },
            "set-11": {
                "sensors": [37,43,45,46],
                "area": [[8,12],[12,16]],
                "block_cell_ratio": 1
            },
            "set-12": {
                "sensors": [40,47,48,49],
                "area": [[12,0],[16,4]],
                "block_cell_ratio": 1
            },
            "set-13": {
                "sensors": [42,48,50,51],
                "area": [[12,4],[16,8]],
                "block_cell_ratio": 1
            },
            "set-14": {
                "sensors": [44,50,52,53],
                "area": [[12,8],[16,12]],
                "block_cell_ratio": 1
            },
            "set-15": {
                "sensors": [46,52,54,55],
                "area": [[12,12],[16,16]],
                "block_cell_ratio": 1
            }
        }
    }
}